date,time,code,name,bs,price,mount,number,dealprice,dealmount,amount,fee,tax,cash,hold,total
20181022,11:06:01,002230,科大讯飞,加仓,22.5,1000,205362,22.48,1000,22480,5,0,977515,2.25,1000000
20181022,13:27:46,002405,四维图新,加仓,15.94,1500,275551,15.94,1500,23910,5,0,953605,2.39,1000000
20181023,13:01:35,002230,科大讯飞,减仓,23,1000,201482,23.128,1000,23128,5,23.13,976705,-2.31,1000000
20181024,13:47:31,002230,科大讯飞,加仓,22.7,2200,312263,22.69,2200,49918,7.49,0,926787,4.99,1000000
20181024,13:48:28,002405,四维图新,加仓,15.38,1600,313397,15.37,1600,24592,5,0,902195,2.46,1000000
20181025,9:46:12,002230,科大讯飞,加仓,21.92,2200,77971,21.92,2200,48224,7.23,0,853971,4.82,1000000
20181025,9:46:36,002405,四维图新,加仓,14.9,3300,78900,14.86,3300,49038,7.36,0,804933,4.9,1000000
20181029,10:25:45,000651,格力电器,加仓,36.6,500,111285,36.52,500,18260,5,0,786673,1.83,1000000
20181029,14:27:15,002230,科大讯飞,加仓,21.99,2200,220549,21.99,2200,48378,7.26,0,738295,4.84,1000000
20181030,9:52:25,002230,科大讯飞,加仓,21.5,4600,69434,21.5,4600,98900,14.84,0,639395,9.89,1000000
20181030,9:52:59,002405,四维图新,加仓,14.5,6500,70475,14.463,6500,94012,14.1,0,545383,9.4,1000000
20181030,13:43:25,002230,科大讯飞,减仓,22.3,2200,228825,22.366,2200,49206,7.38,49.21,594532,-4.92,1000000
20181030,13:44:44,002405,四维图新,减仓,15.07,3100,230117,15.07,3100,46717,7.01,46.72,641196,-4.67,1000000
20181102,9:40:08,002230,科大讯飞,加仓,24.8,25800,64959,24.8,25800,639840,95.98,0,1356,63.98,1000000
20181106,10:05:49,002230,科大讯飞,加仓,24.35,16400,202034,24.35,16400,399340,59.9,0,1602016,13.31,3000000
20181106,10:28:45,002230,科大讯飞,加仓,23.9,33200,272301,23.9,33200,793480,119.02,0,808536,26.45,3000000
20181106,10:37:27,002230,科大讯飞,加仓,23.8,33900,296432,23.798,33900,806750.5,121.01,0,1785,26.89,3000000
20181106,13:36:04,002230,科大讯飞,减仓,24,34800,363755,24,34800,835200,125.28,835.2,836025,-27.84,3000000
20181107,13:07:20,002230,科大讯飞,减仓,24.5,20000,212353,24.5,20000,490000,73.5,490,1325461,-16.33,3000000
20181107,13:22:19,002230,科大讯飞,加仓,24.4,10000,226074,24.4,10000,244000,36.6,0,1081461,8.13,3000000
20181107,13:26:52,002230,科大讯飞,加仓,24.36,10000,230500,24.36,10000,243600,36.54,0,837861,8.12,3000000
20181107,13:47:15,002230,科大讯飞,加仓,24.19,10000,257500,24.19,10000,241900,36.29,0,595961,8.06,3000000
20181108,9:53:20,002230,科大讯飞,加仓,23.8,25000,83826,23.8,5500,130900,19.64,0,465061,4.36,3000000
20181108,9:53:53,002230,科大讯飞,加仓,23.9,19400,84857,23.882,19400,463307,69.5,0,1754,15.44,3000000
20181108,10:15:42,002230,科大讯飞,减仓,24,20000,119694,24,20000,480000,72,480,481202,-16,3000000
20181108,14:17:46,002230,科大讯飞,加仓,23.8,20100,149249,23.8,20100,478380,71.76,0,2822,15.95,3000000
20181109,9:50:24,002230,科大讯飞,减仓,23.95,20000,76446,23.95,20000,479000,71.85,479,481271,-15.97,3000000
20181109,10:12:03,002230,科大讯飞,加仓,23.75,20200,97725,23.75,20200,479750,71.96,0,1521,15.99,3000000
20181112,10:20:34,002230,科大讯飞,减仓,23.8,20000,114006,23.8,20000,476000,71.4,476,476974,-15.87,3000000
20181112,10:23:02,002405,四维图新,减仓,15.7,9800,117350,15.701,9800,153865,23.08,153.87,630662,-5.13,3000000
20181112,10:55:20,002230,科大讯飞,减仓,23.95,20000,153138,23.95,20000,479000,71.85,479,1109111,-15.97,3000000
20181112,11:12:00,002230,科大讯飞,减仓,24.06,20000,174479,24.06,20000,481208,72.18,481.21,1589766,-16.04,3000000
20181112,11:22:25,600016,民生银行,加仓,6.2,20000,187130,6.2,20000,124000,18.6,0,1465766,4.13,3000000
20181112,11:23:57,000651,格力电器,减仓,38.92,500,188706,38.92,500,19460,5,19.46,1485201,-0.65,3000000
20181112,11:27:18,600016,民生银行,加仓,6.19,20000,187603,6.19,20000,123800,18.57,0,1361401,4.13,3000000
20181112,13:08:05,600016,民生银行,加仓,6.18,20000,187754,6.18,20000,123600,18.54,0,1237801,4.12,3000000
20181113,9:48:30,600016,民生银行,加仓,6.15,20000,82253,6.15,20000,123000,18.45,0,1114801,4.1,3000000
20181113,9:53:46,600016,民生银行,减仓,6.16,20000,88319,6.16,20000,123200,18.48,123.2,1237859,-4.11,3000000
20181113,10:11:55,600016,民生银行,加仓,6.16,20000,137892,6.16,20000,123200,18.48,0,1114659,4.11,3000000
20181113,10:19:33,002230,科大讯飞,减仓,24.33,10000,151966,24.33,10000,243300,36.5,243.3,1357680,-8.11,3000000
20181113,10:20:25,600016,民生银行,加仓,6.14,20000,83335,6.14,20000,122800,18.42,0,1234880,4.09,3000000
20181113,10:25:14,002230,科大讯飞,减仓,24.45,10000,162264,24.45,10000,244500,36.68,244.5,1479099,-8.15,3000000
20181113,10:36:39,002230,科大讯飞,减仓,24.55,20000,180952,24.551,20000,491010,73.65,491.01,1969544,-16.37,3000000
20181113,10:40:10,600016,民生银行,减仓,6.17,20000,156831,6.17,20000,123400,18.51,123.4,2092802,-4.11,3000000
20181113,10:46:06,002230,科大讯飞,加仓,24.41,20000,195074,24.41,20000,488200,73.23,0,1604602,16.27,3000000
20181113,10:51:13,600016,民生银行,加仓,6.14,20000,191613,6.14,20000,122800,18.42,0,1481802,4.09,3000000
20181113,11:25:32,600016,民生银行,减仓,6.16,20000,206842,6.16,20000,123200,18.48,123.2,1604860,-4.11,3000000
20181113,13:26:29,002230,科大讯飞,减仓,24.58,18700,294973,24.58,18700,459646,68.95,459.65,2063978,-15.32,3000000
20181113,14:40:31,002230,科大讯飞,加仓,24.47,20000,414785,24.47,20000,489400,73.41,0,1574578,16.31,3000000
20181113,14:53:27,002230,科大讯飞,加仓,24.44,18700,439486,24.44,18700,457028,68.55,0,1117550,15.23,3000000
20181114,9:33:03,002230,科大讯飞,减仓,24.5,20000,31644,24.5,20000,490000,73.5,490,1606986,-16.33,3000000
20181114,9:57:51,600016,民生银行,加仓,6.16,20000,54888,6.16,20000,123200,18.48,0,1483786,4.11,3000000
20181114,10:00:13,002230,科大讯飞,加仓,24.39,20000,124951,24.39,20000,487800,73.17,0,995986,16.26,3000000
20181114,10:38:34,002230,科大讯飞,加仓,24.33,11300,165908,24.33,11300,274929,41.24,0,721057,9.16,3000000
20181114,10:43:43,600016,民生银行,减仓,6.18,20000,122641,6.18,20000,123600,18.54,123.6,844515,-4.12,3000000
20181114,10:46:30,002230,科大讯飞,减仓,24.5,1000,202525,24.5,1000,24500,5,24.5,868986,-0.82,3000000
20181114,11:07:34,600016,民生银行,加仓,6.16,20000,201290,6.16,20000,123200,18.48,0,745786,4.11,3000000
20181114,11:29:21,600016,民生银行,减仓,6.18,20000,231097,6.18,20000,123600,18.54,123.6,869243,-4.12,3000000
20181114,13:28:02,002230,科大讯飞,减仓,24.75,10000,58185,24.75,10000,247500,37.13,247.5,1116459,-8.25,3000000
20181114,13:31:44,002230,科大讯飞,加仓,24.62,10000,290888,24.62,10000,246200,36.93,0,870259,8.21,3000000
20181114,13:52:07,600016,民生银行,加仓,6.16,20000,251436,6.16,20000,123200,18.48,0,747059,4.11,3000000
20181114,14:13:03,600016,民生银行,加仓,6.14,20000,123346,6.14,20000,122800,18.42,0,624259,4.09,3000000
20181115,9:30:37,002230,科大讯飞,减仓,24.6,20000,33085,24.6,20000,492000,73.8,492,1115693,-16.4,3000000
20181115,9:43:52,002230,科大讯飞,减仓,24.8,20000,91137,24.8,20000,496000,74.4,496,1611123,-16.53,3000000
20181115,9:50:59,002230,科大讯飞,减仓,25,10000,38377,25,10000,250000,37.5,250,1860835,-8.33,3000000
20181115,10:30:26,600016,民生银行,减仓,6.16,20000,41332,6.16,20000,123200,18.48,123.2,1983893,-4.11,3000000
20181115,13:12:45,002230,科大讯飞,减仓,25.3,15000,358362,25.3,15000,379500,56.93,379.5,2362957,-12.65,3000000
20181115,14:32:22,600016,民生银行,减仓,6.18,20000,42248,6.18,20000,123600,18.54,123.6,2486415,-4.12,3000000
20181116,9:33:11,600016,民生银行,加仓,6.16,20000,21200,6.16,20000,123200,18.48,0,2363215,4.11,3000000
20181116,9:34:09,002230,科大讯飞,加仓,25,10000,18128,25,10000,250000,37.5,0,2113215,8.33,3000000
20181116,9:36:25,002230,科大讯飞,减仓,25.2,4000,45273,25.2,4000,100800,15.12,100.8,2213899,-3.36,3000000
20181116,9:49:55,600016,民生银行,加仓,6.15,20000,89913,6.15,20000,123000,18.45,0,2090899,4.1,3000000
20181116,10:10:37,600016,民生银行,加仓,6.14,20000,21547,6.14,20000,122800,18.42,0,1968099,4.09,3000000
20181116,11:20:18,600016,民生银行,减仓,6.16,20000,156822,6.16,20000,123200,18.48,123.2,2091157,-4.11,3000000
20181116,11:22:47,600016,民生银行,减仓,6.17,20000,99220,6.17,20000,123400,18.51,123.4,2214415,-4.11,3000000
20181116,11:25:20,600016,民生银行,减仓,6.18,20000,40457,6.18,20000,123600,18.54,123.6,2337873,-4.12,3000000
20181116,13:50:17,600016,民生银行,减仓,6.2,20000,19952,6.2,20000,124000,18.6,124,2461731,-4.13,3000000
20181116,14:52:34,600016,民生银行,加仓,6.16,20000,274273,6.16,20000,123200,18.48,0,2338531,4.11,3000000
20181116,14:55:13,600016,民生银行,加仓,6.16,20000,398614,6.16,20000,123200,18.48,0,2215331,4.11,3000000
20181119,9:35:42,600016,民生银行,减仓,6.18,20000,58348,6.18,20000,123600,18.54,123.6,9338788,-1.24,10000000
20181119,9:40:53,002230,科大讯飞,减仓,25.3,4000,84577,25.3,4000,101200,15.18,101.2,9439872,-1.01,10000000
20181119,9:58:05,600016,民生银行,减仓,6.2,20000,59229,6.2,20000,124000,18.6,124,9563729,-1.24,10000000
20181119,9:59:26,600016,民生银行,减仓,6.22,20000,60076,6.22,20000,124400,18.66,124.4,9687986,-1.24,10000000
20181119,10:03:57,002230,科大讯飞,加仓,25.1,4000,170626,25.1,4000,100400,15.06,0,9587586,1,10000000
20181119,10:17:03,600016,民生银行,加仓,6.2,20000,173430,6.2,20000,124000,18.6,0,9463586,1.24,10000000
20181119,10:47:45,600016,民生银行,加仓,6.18,20000,174025,6.18,20000,123600,18.54,0,9339986,1.24,10000000
20181119,11:28:09,002230,科大讯飞,减仓,25.5,6000,339825,25.5,6000,153000,22.95,153,9492810,-1.53,10000000
20181119,13:00:20,600016,民生银行,减仓,6.2,20000,336082,6.2,20000,124000,18.6,124,9616668,-1.24,10000000
20181119,13:34:26,002415,海康威视,加仓,29,10000,400538,29,10000,290000,43.5,0,9326668,2.9,10000000
20181119,13:35:56,002230,科大讯飞,加仓,25.38,6000,402528,25.38,6000,152280,22.84,0,9174388,1.52,10000000
20181119,13:41:33,600016,民生银行,减仓,6.22,20000,219350,6.22,20000,124400,18.66,124.4,9298645,-1.24,10000000
20181120,9:25:00,002415,海康威视,加仓,28.5,50000,18371,28.2,50000,1410000,211.5,0,7888645,14.1,10000000
20181120,9:25:00,002230,科大讯飞,减仓,25.4,5000,21067,25.43,5000,127150,19.07,127.15,8015649,-1.27,10000000
20181120,9:34:16,002415,海康威视,加仓,27.5,50000,24486,27.5,50000,1375000,206.25,0,6640649,13.75,10000000
20181120,9:42:20,600016,民生银行,减仓,6.22,20000,28292,6.22,20000,124400,18.66,124.4,6764905,-1.24,10000000
20181120,9:48:33,600016,民生银行,加仓,6.2,20000,114313,6.2,20000,124000,18.6,0,6640905,1.24,10000000
20181120,9:50:43,002230,科大讯飞,加仓,26,70000,131233,25.978,70000,1818450,272.77,0,4822455,18.18,10000000
20181120,9:51:33,002415,海康威视,加仓,27.25,50000,134033,27.25,50000,1362500,204.38,0,3459955,13.63,10000000
20181120,10:00:14,600016,民生银行,加仓,6.18,20000,26790,6.18,20000,123600,18.54,0,3336355,1.24,10000000
20181120,10:11:12,002230,科大讯飞,加仓,25.9,25000,199110,25.9,25000,647500,97.13,0,2688855,6.48,10000000
20181120,10:34:43,600016,民生银行,加仓,6.16,20000,27273,6.16,20000,123200,18.48,0,2565655,1.23,10000000
20181120,10:37:06,002230,科大讯飞,加仓,25.55,20000,260626,25.55,20000,511000,76.65,0,2054655,5.11,10000000
20181120,11:28:11,600016,民生银行,加仓,6.14,20000,27637,6.14,20000,122800,18.42,0,1931855,1.23,10000000
20181120,11:29:56,002230,科大讯飞,加仓,25.2,50000,348726,25.2,50000,1260000,189,0,671855,12.6,10000000
20181120,13:31:38,002415,海康威视,加仓,26.72,25000,401962,26.712,25000,667811,100.17,0,4044,6.68,10000000
20181120,13:46:50,600016,民生银行,减仓,6.16,20000,388354,6.16,20000,123200,18.48,123.2,127103,-1.23,10000000
20181120,14:40:00,600016,民生银行,加仓,6.14,20000,491993,6.14,20000,122800,18.42,0,4303,1.23,10000000
20181121,13:00:19,600016,民生银行,减仓,6.17,20000,169701,6.17,20000,123400,18.51,123.4,127561,-1.23,10000000
20181121,14:51:04,600016,民生银行,减仓,6.16,60000,479635,6.16,60000,369600,55.44,369.6,496736,-3.7,10000000
20181121,14:51:07,002415,海康威视,加仓,26.4,4900,480084,26.4,4900,129360,19.4,0,367376,1.29,10000000
20181121,14:51:53,600016,民生银行,减仓,6.16,20000,481705,6.16,20000,123200,18.48,123.2,490434,-1.23,10000000
20181121,14:52:45,002415,海康威视,加仓,26.45,18400,483566,26.437,18400,486449,72.97,0,3985,4.86,10000000
20181122,13:33:42,002230,科大讯飞,减仓,25.75,5000,309892,25.75,5000,128750,19.31,128.75,132587,-1.29,10000000
20181122,13:40:01,002230,科大讯飞,减仓,26,5000,309915,26,5000,130000,19.5,130,262438,-1.3,10000000
20181122,13:43:42,002230,科大讯飞,加仓,25.9,5000,360396,25.9,5000,129500,19.43,0,132938,1.3,10000000
20181122,14:48:27,002230,科大讯飞,加仓,25.73,5000,453187,25.73,5000,128650,19.3,0,4288,1.29,10000000
20181126,13:06:46,002230,科大讯飞,减仓,24.9,2000,179060,24.9,2000,49800,7.47,49.8,54030,-0.5,10000000
20181126,13:07:03,002230,科大讯飞,减仓,25,2000,179142,25,2000,50000,7.5,50,103973,-0.5,10000000
20181126,13:08:43,002230,科大讯飞,加仓,24.9,2000,180864,24.9,2000,49800,7.47,0,54173,0.5,10000000
20181126,13:19:39,002230,科大讯飞,加仓,24.8,2000,180696,24.8,2000,49600,7.44,0,4573,0.5,10000000
20181127,9:39:00,002230,科大讯飞,减仓,25.2,2000,36857,25.2,2000,50400,7.56,50.4,54915,-0.5,10000000
20181127,9:44:08,002230,科大讯飞,加仓,25.1,2000,45712,25.1,2000,50200,7.53,0,4715,0.5,10000000
20181127,9:46:08,002230,科大讯飞,减仓,25.2,2000,59535,25.2,2000,50400,7.56,50.4,55057,-0.5,10000000
20181127,9:49:33,002230,科大讯飞,减仓,25.3,2000,24546,25.3,2000,50600,7.59,50.6,105599,-0.51,10000000
20181127,9:51:19,002230,科大讯飞,减仓,25.4,2000,24060,25.4,2000,50800,7.62,50.8,156340,-0.51,10000000
20181127,9:51:59,002230,科大讯飞,减仓,25.5,2000,16256,25.5,2000,51000,7.65,51,207282,-0.51,10000000
20181127,9:56:16,002230,科大讯飞,加仓,25.4,2000,73294,25.4,2000,50800,7.62,0,156482,0.51,10000000
20181127,10:03:52,002230,科大讯飞,减仓,25.5,2000,80103,25.5,2000,51000,7.65,51,207423,-0.51,10000000
20181127,10:04:37,002230,科大讯飞,减仓,25.6,2000,16478,25.6,2000,51200,7.68,51.2,258564,-0.51,10000000
20181127,10:07:16,002230,科大讯飞,加仓,25.5,2000,92561,25.5,2000,51000,7.65,0,207564,0.51,10000000
20181127,10:15:25,002230,科大讯飞,减仓,25.6,2000,95374,25.6,2000,51200,7.68,51.2,258705,-0.51,10000000
20181127,10:15:42,002230,科大讯飞,减仓,25.7,2000,16690,25.7,2000,51400,7.71,51.4,310046,-0.51,10000000
20181127,10:19:34,002230,科大讯飞,加仓,25.6,2000,104958,25.6,2000,51200,7.68,0,258846,0.51,10000000
20181127,10:25:01,002230,科大讯飞,加仓,25.5,2000,104444,25.5,2000,51000,7.65,0,207846,0.51,10000000
20181127,10:28:12,002230,科大讯飞,减仓,25.6,2000,116061,25.6,2000,51200,7.68,51.2,258987,-0.51,10000000
20181127,10:31:04,002230,科大讯飞,加仓,25.5,2000,118953,25.5,2000,51000,7.65,0,207987,0.51,10000000
20181127,10:31:39,002230,科大讯飞,加仓,25.4,2000,92750,25.4,2000,50800,7.62,0,157187,0.51,10000000
20181127,10:50:27,002230,科大讯飞,加仓,25.3,2000,72195,25.3,2000,50600,7.59,0,106587,0.51,10000000
20181127,11:05:11,002230,科大讯飞,减仓,25.4,2000,138148,25.4,2000,50800,7.62,50.8,157329,-0.51,10000000
20181127,11:12:44,002230,科大讯飞,加仓,25.3,2000,148191,25.3,2000,50600,7.59,0,106729,0.51,10000000
20181127,11:26:53,002230,科大讯飞,减仓,25.4,2000,152461,25.4,2000,50800,7.62,50.8,157470,-0.51,10000000
20181127,13:10:31,002230,科大讯飞,加仓,25.3,2000,160101,25.3,2000,50600,7.59,0,106870,0.51,10000000
20181127,13:36:59,002230,科大讯飞,加仓,25.2,2000,68962,25.2,2000,50400,7.56,0,56470,0.5,10000000
20181127,13:51:31,002230,科大讯飞,加仓,25.1,2000,63426,25.1,2000,50200,7.53,0,6270,0.5,10000000
20181128,10:02:07,002415,海康威视,减仓,25.8,2000,78944,25.8,2000,51600,7.74,51.6,57811,-0.52,10000000
20181128,10:02:37,002415,海康威视,减仓,25.9,2000,79332,25.9,2000,51800,7.77,51.8,109552,-0.52,10000000
20181128,10:19:51,002415,海康威视,减仓,26,2000,79675,26,2000,52000,7.8,52,161492,-0.52,10000000
20181128,10:30:41,002415,海康威视,减仓,26.1,2000,79974,26.1,2000,52200,7.83,52.2,213632,-0.52,10000000
20181128,10:31:39,002415,海康威视,减仓,26.2,2000,80309,26.2,2000,52400,7.86,52.4,265971,-0.52,10000000
20181128,10:33:17,002415,海康威视,减仓,26.3,2000,80614,26.3,2000,52600,7.89,52.6,318511,-0.53,10000000
20181128,10:34:34,002415,海康威视,减仓,26.4,2000,80922,26.4,2000,52800,7.92,52.8,371250,-0.53,10000000
20181128,10:36:14,002415,海康威视,减仓,26.5,2000,81286,26.5,2000,53000,7.95,53,424189,-0.53,10000000
20181128,11:27:21,002230,科大讯飞,减仓,25.25,4000,30053,25.25,4000,101000,15.15,101,525073,-1.01,10000000
20181128,11:27:36,002230,科大讯飞,减仓,25.3,4000,30509,25.3,4000,101200,15.18,101.2,626157,-1.01,10000000
20181128,11:28:59,002230,科大讯飞,加仓,25.2,4000,189909,25.2,4000,100800,15.12,0,525357,1.01,10000000
20181128,13:01:20,002230,科大讯飞,加仓,25.15,4000,190109,25.15,4000,100600,15.09,0,424757,1.01,10000000
20181129,9:38:39,002230,科大讯飞,减仓,25.4,4000,51130,25.4,4000,101600,15.24,101.6,526240,-1.02,10000000
20181129,9:39:02,002230,科大讯飞,减仓,25.45,4000,51588,25.45,4000,101800,15.27,101.8,627923,-1.02,10000000
20181129,9:42:16,002415,海康威视,减仓,27.2,2000,60352,27.2,2000,54400,8.16,54.4,682260,-0.54,10000000
20181129,9:43:24,002230,科大讯飞,减仓,25.5,4000,52056,25.5,4000,102000,15.3,102,784143,-1.02,10000000
20181129,9:47:33,002230,科大讯飞,加仓,25.4,4000,71805,25.4,4000,101600,15.24,0,682543,1.02,10000000
20181129,9:48:29,002230,科大讯飞,加仓,25.35,4000,53534,25.35,4000,101400,15.21,0,581143,1.01,10000000
20181129,9:52:17,002415,海康威视,加仓,27.1,2000,67340,27.1,2000,54200,8.13,0,526943,0.54,10000000
20181129,9:56:12,002230,科大讯飞,加仓,25.3,4000,54007,25.3,4000,101200,15.18,0,425743,1.01,10000000
20181129,13:58:41,002415,海康威视,加仓,26.3,2000,236005,26.3,2000,52600,7.89,0,373143,0.53,10000000
20181129,14:06:05,002415,海康威视,加仓,26.2,2000,236123,26.2,2000,52400,7.86,0,320743,0.52,10000000
20181129,14:29:59,002415,海康威视,减仓,26.4,2000,259471,26.4,1500,39600,5.94,39.6,360297,-0.4,10000000
20181130,10:11:53,002415,海康威视,加仓,26.15,1500,39225,26.15,1500,39225,5.88,0,321072,0.39,10000000
20181130,10:44:28,002415,海康威视,减仓,26.4,2000,52800,26.4,2000,52800,7.92,52.8,373812,-0.53,10000000
20181130,10:46:52,002415,海康威视,减仓,26.5,2000,53000,26.5,2000,53000,7.95,53,426751,-0.53,10000000
20181130,13:30:38,002230,科大讯飞,加仓,24,13200,316800,24,13200,316800,47.52,0,109951,3.17,10000000
20181130,13:45:57,002230,科大讯飞,减仓,24.2,13200,319440,24.2,13200,319440,47.92,319.44,429023,-3.19,10000000
20181203,9:49:35,002415,海康威视,减仓,28.5,92300,99767,28.5,92300,2630550,394.58,2630.55,3056548,-26.31,10000000
20181203,9:55:40,002415,海康威视,减仓,28.8,10000,113232,28.8,10000,288000,43.2,288,3344217,-2.88,10000000
20181203,9:57:26,002230,科大讯飞,减仓,25.4,10000,115732,25.4,10000,254000,38.1,254,3597925,-2.54,10000000
20181203,9:57:47,002415,海康威视,减仓,28.9,10000,114186,28.9,10000,289000,43.35,289,3886593,-2.89,10000000
20181203,9:58:38,002415,海康威视,减仓,29,10000,114483,29,10000,290000,43.5,290,4176259,-2.9,10000000
20181203,10:01:40,002415,海康威视,减仓,29.1,10000,114943,29.1,10000,291000,43.65,291,4466924,-2.91,10000000
20181203,10:02:43,002415,海康威视,减仓,29.2,10000,115226,29.2,10000,292000,43.8,292,4758589,-2.92,10000000
20181203,10:03:48,002230,科大讯飞,减仓,25.5,10000,108179,25.5,10000,255000,38.25,255,5013295,-2.55,10000000
20181203,10:10:39,002415,海康威视,加仓,29.1,10000,127961,29.1,10000,291000,43.65,0,4722295,2.91,10000000
20181203,10:11:44,002230,科大讯飞,加仓,25.4,10000,131064,25.4,10000,254000,38.1,0,4468295,2.54,10000000
20181203,10:14:48,002415,海康威视,减仓,29.2,10000,145320,29.2,10000,292000,43.8,292,4759960,-2.92,10000000
20181203,10:14:55,002230,科大讯飞,减仓,25.5,10000,147237,25.5,10000,255000,38.25,255,5014666,-2.55,10000000
20181203,10:15:11,002415,海康威视,减仓,29.3,10000,128669,29.3,10000,293000,43.95,293,5307329,-2.93,10000000
20181203,10:16:07,002415,海康威视,减仓,29.4,10000,132515,29.4,10000,294000,44.1,294,5600991,-2.94,10000000
20181203,10:19:12,002415,海康威视,加仓,29.3,10000,155447,29.3,10000,293000,43.95,0,5307991,2.93,10000000
20181203,10:20:05,002415,海康威视,加仓,29.2,10000,155086,29.2,10000,292000,43.8,0,5015991,2.92,10000000
20181203,10:25:27,002415,海康威视,加仓,29.1,10000,171375,29.09,10000,290907,43.64,0,4725084,2.91,10000000
20181203,10:39:25,002415,海康威视,加仓,29,10000,125765,29,10000,290000,43.5,0,4435084,2.9,10000000
20181203,10:46:01,002230,科大讯飞,加仓,25.4,10000,153313,25.4,10000,254000,38.1,0,4181084,2.54,10000000
20181203,10:54:19,002230,科大讯飞,减仓,25.5,10000,200756,25.5,10000,255000,38.25,255,4435791,-2.55,10000000
20181203,11:05:00,002230,科大讯飞,减仓,25.55,10000,214361,25.55,10000,255500,38.33,255.5,4690997,-2.56,10000000
20181203,11:10:16,002415,海康威视,加仓,28.9,10000,119387,28.9,10000,289000,43.35,0,4401997,2.89,10000000
20181203,11:13:16,002415,海康威视,减仓,29,10000,224937,29,10000,290000,43.5,290,4691664,-2.9,10000000
20181203,11:18:29,002415,海康威视,加仓,28.9,10000,228099,28.9,10000,289000,43.35,0,4402664,2.89,10000000
20181203,13:01:42,002415,海康威视,减仓,29,10000,240646,29,10000,290000,43.5,290,4692330,-2.9,10000000
20181203,13:13:40,002230,科大讯飞,加仓,25.45,10000,219765,25.45,10000,254500,38.18,0,4437830,2.55,10000000
20181203,13:41:03,002230,科大讯飞,加仓,25.4,10000,209138,25.4,10000,254000,38.1,0,4183830,2.54,10000000
20181203,13:41:28,002230,科大讯飞,加仓,25.3,10000,117276,25.3,10000,253000,37.95,0,3930830,2.53,10000000
20181203,13:46:46,002230,科大讯飞,减仓,25.4,10000,289405,25.4,10000,254000,38.1,254,4184538,-2.54,10000000
20181203,14:25:40,002230,科大讯飞,加仓,25.3,10000,294408,25.3,10000,253000,37.95,0,3931538,2.53,10000000
20181203,14:33:13,002230,科大讯飞,减仓,25.4,10000,335430,25.4,10000,254000,38.1,254,4185246,-2.54,10000000
20181204,9:32:32,002230,科大讯飞,减仓,25.4,10000,14358,25.4,10000,254000,38.1,254,4438954,-2.54,10000000
20181204,9:32:34,002230,科大讯飞,减仓,25.4,20000,14852,25.4,20000,508000,76.2,508,4946370,-5.08,10000000
20181204,9:38:20,002415,海康威视,减仓,29.1,30000,63734,29.12,30000,873598,131.04,873.6,5818963,-8.74,10000000
20181204,9:41:22,002415,海康威视,减仓,29.2,20000,42758,29.2,20000,584000,87.6,584,6402291,-5.84,10000000
20181204,9:51:16,002415,海康威视,减仓,29.29,20000,108489,29.29,20000,585800,87.87,585.8,6987418,-5.86,10000000
20181204,9:54:01,002415,海康威视,加仓,29.21,10000,113557,29.21,10000,292100,43.82,0,6695318,2.92,10000000
20181204,10:04:33,002415,海康威视,加仓,29.1,10000,114020,29.1,10000,291000,43.65,0,6404318,2.91,10000000
20181204,10:05:16,002415,海康威视,加仓,29.1,10000,144532,29.1,10000,291000,43.65,0,6113318,2.91,10000000
20181204,10:06:46,002415,海康威视,加仓,29,10000,66161,29,10000,290000,43.5,0,5823318,2.9,10000000
20181204,10:06:46,002415,海康威视,加仓,29,10000,78167,29,10000,290000,43.5,0,5533318,2.9,10000000
20181204,10:09:06,002230,科大讯飞,加仓,25.3,30000,48009,25.3,30000,759000,113.85,0,4774318,7.59,10000000
20181204,10:10:49,002415,海康威视,加仓,28.9,10000,66892,28.9,10000,289000,43.35,0,4485318,2.89,10000000
20181204,10:53:41,002415,海康威视,加仓,28.8,10000,67912,28.8,10000,288000,43.2,0,4197318,2.88,10000000
20181204,13:13:27,002230,科大讯飞,加仓,25.1,5000,269777,25.1,5000,125500,18.83,0,4071818,1.26,10000000
20181204,13:35:14,002230,科大讯飞,加仓,25,5000,205182,25,5000,125000,18.75,0,3946818,1.25,10000000
20181204,13:46:28,002230,科大讯飞,减仓,25.1,5000,345302,25.1,5000,125500,18.83,125.5,4072173,-1.26,10000000
20181204,13:50:43,002230,科大讯飞,加仓,25,5000,361123,25,5000,125000,18.75,0,3947173,1.25,10000000
20181204,14:10:55,002230,科大讯飞,减仓,25.1,5000,365485,25.1,5000,125500,18.83,125.5,4072529,-1.26,10000000
20181204,14:30:04,002230,科大讯飞,减仓,25.2,5000,316242,25.2,5000,126000,18.9,126,4198384,-1.26,10000000
20181204,14:55:14,002230,科大讯飞,减仓,25.3,10000,461890,25.3,10000,253000,37.95,253,4451093,-2.53,10000000
20181205,9:25:00,002415,海康威视,减仓,28,70000,14692,28.1,70000,1967000,295.05,1967,6415831,-19.67,10000000
20181205,10:02:21,002230,科大讯飞,加仓,25,10000,100574,25,10000,250000,37.5,0,6165831,2.5,10000000
20181205,10:15:00,002230,科大讯飞,加仓,24.9,10000,100844,24.9,10000,249000,37.35,0,5916831,2.49,10000000
20181205,10:24:40,002230,科大讯飞,减仓,25.1,10000,116895,25.1,10000,251000,37.65,251,6167543,-2.51,10000000
20181205,10:49:49,002230,科大讯飞,减仓,25.2,10000,140327,25.2,10000,252000,37.8,252,6419253,-2.52,10000000
20181205,11:02:30,002230,科大讯飞,减仓,25.3,10000,97906,25.3,10000,253000,37.95,253,6671962,-2.53,10000000
20181205,11:16:14,002230,科大讯飞,减仓,25.32,2000,197604,25.32,2000,50640,7.6,50.64,6722544,-0.51,10000000
20181205,11:16:14,002230,科大讯飞,减仓,25.34,2000,197717,25.34,2000,50680,7.6,50.68,6773165,-0.51,10000000
20181205,11:16:16,002230,科大讯飞,减仓,25.36,2000,197846,25.36,2000,50720,7.61,50.72,6823827,-0.51,10000000
20181205,11:16:16,002230,科大讯飞,减仓,25.38,2000,197974,25.38,2000,50760,7.61,50.76,6874529,-0.51,10000000
20181205,11:16:34,002230,科大讯飞,减仓,25.4,2000,198155,25.4,2000,50800,7.62,50.8,6925270,-0.51,10000000
20181205,13:01:09,002230,科大讯飞,加仓,25.3,2000,205233,25.3,2000,50600,7.59,0,6874670,0.51,10000000
20181205,13:07:36,002230,科大讯飞,加仓,25.28,2000,205411,25.28,2000,50560,7.58,0,6824110,0.51,10000000
20181205,13:08:18,002230,科大讯飞,加仓,25.26,2000,205561,25.26,2000,50520,7.58,0,6773590,0.51,10000000
20181205,13:11:11,002230,科大讯飞,加仓,25.24,2000,205724,25.24,2000,50480,7.57,0,6723110,0.5,10000000
20181205,13:12:04,002230,科大讯飞,加仓,25.22,2000,205877,25.22,2000,50440,7.57,0,6672670,0.5,10000000
20181205,13:12:21,002230,科大讯飞,加仓,25.2,10000,190321,25.2,10000,252000,37.8,0,6420670,2.52,10000000
20181205,13:38:58,002230,科大讯飞,加仓,25.1,10000,177325,25.1,10000,251000,37.65,0,6169670,2.51,10000000
20181205,13:48:42,002230,科大讯飞,减仓,25.2,10000,255018,25.2,10000,252000,37.8,252,6421380,-2.52,10000000
20181205,14:03:00,002230,科大讯飞,加仓,25.1,10000,264039,25.1,10000,251000,37.65,0,6170380,2.51,10000000
20181205,14:06:48,002230,科大讯飞,减仓,25.2,10000,277264,25.2,10000,252000,37.8,252,6422091,-2.52,10000000
20181206,9:30:28,002415,海康威视,加仓,27,20000,14599,27,20000,540000,81,0,5882091,5.4,10000000
20181206,9:30:51,002230,科大讯飞,加仓,25,10000,22924,25,10000,250000,37.5,0,5632091,2.5,10000000
20181206,9:33:09,601857,中国石油,加仓,7.64,10000,32513,7.64,10000,76400,11.46,0,5555691,0.76,10000000
20181206,9:35:10,002230,科大讯飞,加仓,24.8,10000,20261,24.8,10000,248000,37.2,0,5307691,2.48,10000000
20181206,9:44:20,601857,中国石油,加仓,7.6,10000,18106,7.6,10000,76000,11.4,0,5231691,0.76,10000000
20181206,9:49:22,002230,科大讯飞,减仓,25,10000,40848,25,10000,250000,37.5,250,5481403,-2.5,10000000
20181206,9:53:48,002230,科大讯飞,加仓,24.9,10000,80860,24.9,10000,249000,37.35,0,5232403,2.49,10000000
20181206,10:02:24,002230,科大讯飞,减仓,25,10000,90326,25,10000,250000,37.5,250,5482116,-2.5,10000000
20181206,10:05:01,002230,科大讯飞,加仓,24.9,10000,102841,24.9,10000,249000,37.35,0,5233116,2.49,10000000
20181206,10:10:33,002230,科大讯飞,加仓,24.8,10000,109936,24.8,10000,248000,37.2,0,4985116,2.48,10000000
20181206,10:35:18,002230,科大讯飞,加仓,24.7,10000,110141,24.7,10000,247000,37.05,0,4738116,2.47,10000000
20181206,10:59:16,002230,科大讯飞,加仓,24.7,4400,170113,24.7,4400,108680,16.3,0,4629436,1.09,10000000
20181206,13:05:47,002230,科大讯飞,加仓,24.6,10000,20508,24.6,10000,246000,36.9,0,4383436,2.46,10000000
20181206,13:30:11,600196,复星医药,加仓,28.5,10000,227508,28.5,10000,285000,42.75,0,4098436,2.85,10000000
20181206,14:10:18,002230,科大讯飞,减仓,24.7,10000,203876,24.7,10000,247000,37.05,247,4345152,-2.47,10000000
20181206,14:14:57,002230,科大讯飞,减仓,24.8,10000,146085,24.8,10000,248000,37.2,248,4592866,-2.48,10000000
20181206,14:14:58,002230,科大讯飞,减仓,24.8,4400,171797,24.8,4400,109120,16.37,109.12,4701861,-1.09,10000000
20181206,14:20:47,002230,科大讯飞,加仓,24.7,10000,272460,24.7,10000,247000,37.05,0,4454861,2.47,10000000
20181206,14:22:15,600196,复星医药,加仓,28,10000,234013,28,10000,280000,42,0,4174861,2.8,10000000
20181206,14:45:54,002230,科大讯飞,加仓,24.6,10000,266138,24.6,10000,246000,36.9,0,3928861,2.46,10000000
20181206,14:46:38,002230,科大讯飞,减仓,24.5,10000,302627,24.58,10000,245800,36.87,245.8,4174378,-2.46,10000000
20181206,14:46:46,600196,复星医药,加仓,27.5,10000,300261,27.5,10000,275000,41.25,0,3899378,2.75,10000000
20181207,9:39:51,002230,科大讯飞,减仓,24.8,10000,2872,24.8,10000,248000,37.2,248,4147093,-2.48,10000000
20181207,9:56:19,002415,海康威视,减仓,27.5,10000,2919,27.5,10000,275000,41.25,275,4421777,-2.75,10000000
20181207,10:31:33,002230,科大讯飞,加仓,24.5,10000,2836,24.5,10000,245000,36.75,0,4176777,2.45,10000000
20181207,11:03:24,601857,中国石油,加仓,7.55,10000,2908,7.55,10000,75500,11.33,0,4101277,0.76,10000000
20181210,9:30:03,601857,中国石油,减仓,7.6,10000,14393,7.61,10000,76100,11.42,76.1,4177289,-0.76,10000000
20181210,9:31:33,002230,科大讯飞,加仓,24.1,10000,21966,24.1,10000,241000,36.15,0,3936289,2.41,10000000
20181210,9:36:37,002230,科大讯飞,减仓,24.2,10000,34041,24.2,10000,242000,36.3,242,4178011,-2.42,10000000
20181210,9:37:01,600196,复星医药,加仓,26,10000,36957,25.95,10000,259518,38.93,0,3918493,2.6,10000000
20181210,9:53:36,600196,复星医药,减仓,26.17,10000,71053,26.17,10000,261717.04,39.26,261.72,4179909,-2.62,10000000
20181210,10:00:29,600196,复星医药,加仓,26,10000,72297,26,10000,260000,39,0,3919909,2.6,10000000
20181210,10:19:53,002415,海康威视,加仓,26.5,10000,105279,26.5,10000,264971,39.75,0,3654938,2.65,10000000
20181210,10:22:48,002415,海康威视,减仓,26.7,10000,108766,26.7,10000,267004,40.05,267,3921635,-2.67,10000000
20181210,13:04:45,002230,科大讯飞,加仓,24.4,10000,143162,24.4,10000,244000,36.6,0,3677635,2.44,10000000
20181210,13:32:51,002230,科大讯飞,加仓,24.35,5000,174150,24.35,5000,121750,18.26,0,3555885,1.22,10000000
20181210,13:38:33,002230,科大讯飞,加仓,24.3,5000,174275,24.3,5000,121500,18.23,0,3434385,1.22,10000000
20181210,13:39:12,002230,科大讯飞,加仓,24.25,5000,174370,24.25,5000,121250,18.19,0,3313135,1.21,10000000
20181210,13:43:42,002230,科大讯飞,减仓,24.35,5000,185872,24.35,5000,121750,18.26,121.75,3434745,-1.22,10000000
20181210,13:48:58,002230,科大讯飞,减仓,24.4,10000,185466,24.4,10000,244000,36.6,244,3678464,-2.44,10000000
20181210,13:56:49,002230,科大讯飞,加仓,24.35,5000,195357,24.35,5000,121750,18.26,0,3556714,1.22,10000000
20181210,14:09:21,002230,科大讯飞,减仓,24.45,5000,180370,24.45,5000,122250,18.34,122.25,3678824,-1.22,10000000
20181210,14:09:21,002230,科大讯飞,减仓,24.45,5000,200229,24.45,5000,122250,18.34,122.25,3800933,-1.22,10000000
20181210,14:27:56,002230,科大讯飞,减仓,24.5,5000,214502,24.5,3250,79625,11.94,79.63,3880467,-0.8,10000000
20181210,14:36:58,002230,科大讯飞,加仓,24.4,10000,229570,24.4,10000,244000,36.6,0,3636467,2.44,10000000
20181210,14:48:53,002230,科大讯飞,加仓,24.3,5000,195500,24.3,5000,121500,18.23,0,3514967,1.22,10000000
20181210,14:51:48,002230,科大讯飞,加仓,24.25,5000,189604,24.25,5000,121250,18.19,0,3393717,1.21,10000000
20181211,9:25:00,002230,科大讯飞,减仓,24.5,10000,7976,24.59,10000,245900,36.89,245.9,3639334,-2.46,10000000
20181211,9:30:00,002415,海康威视,加仓,26.5,10000,11726,26.5,10000,265000,39.75,0,3374334,2.65,10000000
20181211,9:34:42,002230,科大讯飞,加仓,24.4,10000,12441,24.4,10000,244000,36.6,0,3130334,2.44,10000000
20181211,9:40:41,002230,科大讯飞,减仓,24.5,10000,29130,24.5,10000,245000,36.75,245,3375052,-2.45,10000000
20181211,9:44:17,002415,海康威视,减仓,26.7,10000,49063,26.7,10000,267000,40.05,267,3641745,-2.67,10000000
20181211,9:57:11,002230,科大讯飞,加仓,24.4,10000,42472,24.4,10000,244000,36.6,0,3397745,2.44,10000000
20181211,10:02:10,002230,科大讯飞,减仓,24.5,10000,69675,24.5,4400,107800,16.17,107.8,3505421,-1.08,10000000
20181211,10:10:51,002230,科大讯飞,加仓,24.4,4400,83918,24.4,4400,107360,16.1,0,3398061,1.07,10000000
20181212,9:25:00,002230,科大讯飞,加仓,24.94,2000,12477,24.56,2000,49120,7.37,0,3348941,0.49,10000000
20181212,9:30:02,601857,中国石油,减仓,7.62,20000,15367,7.62,20000,152400,22.86,152.4,3501166,-1.52,10000000
20181212,9:31:19,002415,海康威视,减仓,27.3,10000,27766,27.3,10000,273000,40.95,273,3773852,-2.73,10000000
20181212,9:31:58,002230,科大讯飞,减仓,24.55,10000,30230,24.55,10000,245500,36.83,245.5,4019069,-2.46,10000000
20181212,9:34:00,002230,科大讯飞,减仓,23.94,2000,37646,24.53,2000,49060,7.36,49.06,4068073,-0.49,10000000
20181212,10:01:27,002230,科大讯飞,加仓,24.4,10000,45810,24.4,10000,244000,36.6,0,3824073,2.44,10000000
20181212,13:23:17,002230,科大讯飞,减仓,24.47,10000,263719,24.47,10000,244723,36.71,244.72,4068515,-2.45,10000000
20181212,14:01:17,002230,科大讯飞,加仓,24.35,10000,264325,24.35,10000,243500,36.53,0,3825015,2.44,10000000
20181212,14:23:10,002230,科大讯飞,减仓,24.48,10000,321946,24.48,1900,46512,6.98,46.51,3871473,-0.47,10000000
20181214,10:03:07,002230,科大讯飞,减仓,25.45,50000,84672,25.45,50000,1272611,190.89,1272.61,5142621,-12.73,10000000
20181214,10:03:45,002230,科大讯飞,减仓,25.55,50000,85519,25.55,50000,1277585,191.64,1277.59,6418736,-12.78,10000000
20181214,10:06:01,002230,科大讯飞,减仓,25.65,20000,88352,25.65,20000,513000,76.95,513,6931146,-5.13,10000000
20181214,10:07:48,002230,科大讯飞,加仓,25.55,20000,89417,25.55,20000,511000,76.65,0,6420146,5.11,10000000
20181214,10:17:38,002230,科大讯飞,减仓,25.7,20000,88533,25.7,20000,514000,77.1,514,6933555,-5.14,10000000
20181214,10:27:49,002230,科大讯飞,加仓,25.55,20000,113027,25.55,20000,511000,76.65,0,6422555,5.11,10000000
20181214,10:32:56,002230,科大讯飞,加仓,25.51,50000,119134,25.51,50000,1275500,191.33,0,5147055,12.76,10000000
20181214,13:02:28,002230,科大讯飞,加仓,25.35,20000,172126,25.35,20000,507000,76.05,0,4640055,5.07,10000000
20181214,13:06:20,002230,科大讯飞,加仓,25.2,20000,89736,25.2,20000,504000,75.6,0,4136055,5.04,10000000
20181214,13:53:29,002230,科大讯飞,加仓,25.05,10000,214725,25.05,10000,250500,37.58,0,3885555,2.51,10000000
20181217,9:50:37,002230,科大讯飞,加仓,24.3,10000,61671,24.3,10000,243000,36.45,0,3642555,2.43,10000000
20181217,9:51:42,002230,科大讯飞,减仓,24.4,10000,62303,24.4,10000,244000,36.6,244,3886275,-2.44,10000000
20181217,9:53:55,002230,科大讯飞,加仓,24.3,10000,63903,24.3,10000,243000,36.45,0,3643275,2.43,10000000
20181217,9:55:49,002230,科大讯飞,减仓,24.4,10000,67827,24.4,10000,244000,36.6,244,3886994,-2.44,10000000
20181217,10:01:20,002230,科大讯飞,加仓,24.3,10000,72148,24.3,10000,243000,36.45,0,3643994,2.43,10000000
20181217,10:01:48,002230,科大讯飞,减仓,24.4,10000,81499,24.4,10000,244000,36.6,244,3887714,-2.44,10000000
20181217,10:46:17,002230,科大讯飞,减仓,24.9,20000,128329,24.9,20000,498000,74.7,498,4385141,-4.98,10000000
20181217,10:48:40,002230,科大讯飞,加仓,24.8,6000,129840,24.8,6000,148800,22.32,0,4236341,1.49,10000000
20181217,11:08:59,002230,科大讯飞,加仓,24.8,4000,135045,24.8,4000,99200,14.88,0,4137141,0.99,10000000
20181217,13:00:01,002230,科大讯飞,加仓,24.81,10000,157838,24.81,10000,248100,37.22,0,3889041,2.48,10000000
20181218,11:05:58,002230,科大讯飞,加仓,24.28,2000,206371,24.28,2000,48560,7.28,0,3840481,0.49,10000000
20181218,11:06:25,002230,科大讯飞,加仓,24.26,2000,206151,24.26,2000,48520,7.28,0,3791961,0.49,10000000
20181218,11:06:30,002230,科大讯飞,加仓,24.24,2000,205947,24.24,2000,48480,7.27,0,3743481,0.48,10000000
20181218,11:06:58,002230,科大讯飞,减仓,24.34,2000,211265,24.34,2000,48680,7.3,48.68,3792105,-0.49,10000000
20181218,11:06:58,002230,科大讯飞,减仓,24.36,2000,210970,24.36,2000,48720,7.31,48.72,3840769,-0.49,10000000
20181218,11:06:58,002230,科大讯飞,减仓,24.38,2000,210162,24.38,2000,48760,7.31,48.76,3889473,-0.49,10000000
20181218,11:20:48,002230,科大讯飞,加仓,24.28,2000,212347,24.28,2000,48560,7.28,0,3840913,0.49,10000000
20181218,11:21:25,002230,科大讯飞,加仓,24.26,2000,212628,24.26,2000,48520,7.28,0,3792393,0.49,10000000
20181218,11:23:25,002230,科大讯飞,减仓,24.36,2000,232288,24.36,2000,48720,7.31,48.72,3841057,-0.49,10000000
20181218,11:23:30,002230,科大讯飞,减仓,24.38,2000,231579,24.38,2000,48760,7.31,48.76,3889761,-0.49,10000000
20181218,11:27:02,002230,科大讯飞,加仓,24.28,2000,234624,24.28,2000,48560,7.28,0,3841201,0.49,10000000
20181218,13:00:01,002230,科大讯飞,加仓,24.26,2000,234812,24.26,2000,48520,7.28,0,3792681,0.49,10000000
20181218,13:00:01,002230,科大讯飞,加仓,24.24,2000,212916,24.24,2000,48480,7.27,0,3744201,0.48,10000000
20181218,13:00:01,002230,科大讯飞,加仓,24.22,2000,205652,24.22,2000,48440,7.27,0,3695761,0.48,10000000
20181218,13:01:03,002230,科大讯飞,加仓,24.2,2000,34660,24.2,2000,48400,7.26,0,3647361,0.48,10000000
20181218,13:04:36,002415,海康威视,加仓,27.1,10000,253774,27.1,10000,271000,40.65,0,3376361,2.71,10000000
20181218,13:23:50,002230,科大讯飞,减仓,24.3,2000,251431,24.3,2000,48600,7.29,48.6,3424905,-0.49,10000000
20181218,13:23:58,002230,科大讯飞,减仓,24.32,2000,250963,24.32,2000,48640,7.3,48.64,3473489,-0.49,10000000
20181218,13:24:06,002230,科大讯飞,减仓,24.34,2000,250851,24.34,2000,48680,7.3,48.68,3522113,-0.49,10000000
20181218,13:24:16,002230,科大讯飞,减仓,24.36,2000,250767,24.36,2000,48720,7.31,48.72,3570777,-0.49,10000000
20181218,13:24:16,002230,科大讯飞,减仓,24.38,2000,239206,24.38,2000,48760,7.31,48.76,3619481,-0.49,10000000
20181218,13:32:07,002230,科大讯飞,加仓,24.28,2000,275492,24.28,2000,48560,7.28,0,3570921,0.49,10000000
20181218,13:37:02,002230,科大讯飞,加仓,24.26,2000,275270,24.26,2000,48520,7.28,0,3522401,0.49,10000000
20181218,13:45:59,002230,科大讯飞,加仓,24.24,2000,275093,24.24,2000,48480,7.27,0,3473921,0.48,10000000
20181218,13:46:12,002230,科大讯飞,加仓,24.22,2000,273657,24.22,2000,48440,7.27,0,3425481,0.48,10000000
20181218,13:55:43,002230,科大讯飞,加仓,24.2,2000,273374,24.2,2000,48400,7.26,0,3377081,0.48,10000000
20181218,14:01:59,002230,科大讯飞,减仓,24.3,2000,303901,24.3,2000,48600,7.29,48.6,3425625,-0.49,10000000
20181218,14:02:12,002230,科大讯飞,减仓,24.2,2000,309621,24.3,2000,48600,7.29,48.6,3474169,-0.49,10000000
20181218,14:02:28,002230,科大讯飞,减仓,24.22,2000,309998,24.27,2000,48540,7.28,48.54,3522653,-0.49,10000000
20181218,14:03:03,002230,科大讯飞,减仓,24.32,2000,294552,24.32,2000,48640,7.3,48.64,3571237,-0.49,10000000
20181218,14:03:32,002230,科大讯飞,减仓,24.34,2000,294362,24.34,2000,48680,7.3,48.68,3619861,-0.49,10000000
20181218,14:09:13,002230,科大讯飞,减仓,24.36,2000,287040,24.36,2000,48720,7.31,48.72,3668525,-0.49,10000000
20181218,14:11:00,002230,科大讯飞,减仓,24.38,2000,282343,24.38,2000,48760,7.31,48.76,3717229,-0.49,10000000
20181219,9:41:27,002415,海康威视,减仓,27.2,10000,68948,27.2,10000,272000,40.8,272,3988916,-2.72,10000000
20181219,9:48:38,002415,海康威视,加仓,27.05,10000,90721,27.05,10000,270500,40.58,0,3718416,2.71,10000000
20181219,14:09:51,002230,科大讯飞,加仓,24.28,10000,47744,24.28,10000,242800,36.42,0,3475616,2.43,10000000
20181219,14:09:51,002230,科大讯飞,加仓,24.26,10000,48132,24.26,10000,242600,36.39,0,3233016,2.43,10000000
20181219,14:33:19,002230,科大讯飞,加仓,24.25,4000,42523,24.25,4000,97000,14.55,0,3136016,0.97,10000000
20181219,14:33:42,002230,科大讯飞,加仓,24.24,10000,48507,24.24,10000,242400,36.36,0,2893616,2.42,10000000
20181219,14:33:59,002230,科大讯飞,加仓,24.22,10000,48834,24.22,10000,242200,36.33,0,2651416,2.42,10000000
20181219,14:37:52,002230,科大讯飞,加仓,24.2,10000,49240,24.2,10000,242000,36.3,0,2409416,2.42,10000000
20181219,14:41:14,002230,科大讯飞,加仓,24.18,10000,49794,24.18,10000,241800,36.27,0,2167616,2.42,10000000
20181219,14:52:02,002230,科大讯飞,加仓,24.16,10000,50150,24.16,10000,241600,36.24,0,1926016,2.42,10000000
20181219,14:52:14,002230,科大讯飞,加仓,24.14,10000,50598,24.14,10000,241400,36.21,0,1684616,2.41,10000000
20181219,14:52:20,002230,科大讯飞,加仓,24.12,10000,51104,24.12,10000,241200,36.18,0,1443416,2.41,10000000
20181219,14:52:37,002230,科大讯飞,加仓,24.1,10000,51424,24.1,10000,241000,36.15,0,1202416,2.41,10000000
20181219,14:52:45,002230,科大讯飞,加仓,24.08,10000,51844,24.08,10000,240800,36.12,0,961616,2.41,10000000
20181219,14:52:45,002230,科大讯飞,加仓,24.06,10000,52210,24.06,10000,240600,36.09,0,721016,2.41,10000000
20181219,14:53:12,002230,科大讯飞,加仓,24.04,10000,52540,24.04,10000,240400,36.06,0,480616,2.4,10000000
20181220,11:10:38,002230,科大讯飞,加仓,23.9,19800,135529,23.9,19800,473220,70.98,0,7396,4.73,10000000
20181226,9:37:40,002230,科大讯飞,减仓,24.15,20000,46391,24.21,20000,484174,72.63,484.17,491014,-4.84,10000000
20181226,9:38:30,002230,科大讯飞,减仓,24.3,20000,49390,24.3,20000,486000,72.9,486,976455,-4.86,10000000
20181226,9:47:07,002230,科大讯飞,减仓,24.4,20000,49857,24.4,20000,488000,73.2,488,1463893,-4.88,10000000
20181226,9:52:02,002230,科大讯飞,加仓,24.3,20000,77021,24.3,20000,486000,72.9,0,977893,4.86,10000000
20181226,10:02:28,002230,科大讯飞,加仓,24.2,20000,53233,24.2,20000,484000,72.6,0,493893,4.84,10000000
20181226,10:16:41,002230,科大讯飞,加仓,24.1,20200,53723,24.1,20200,486820,73.02,0,7073,4.87,10000000
20181226,10:28:26,002230,科大讯飞,减仓,24.2,10000,148587,24.2,10000,242000,36.3,242,248795,-2.42,10000000
20181226,10:38:54,002230,科大讯飞,加仓,24.1,10100,168524,24.1,10100,243410,36.51,0,5385,2.43,10000000
20181226,10:53:05,002230,科大讯飞,减仓,24.2,20000,182812,24.2,20000,484000,72.6,484,488829,-4.84,10000000
20181226,11:13:36,002230,科大讯飞,加仓,24.1,20000,208121,24.1,20000,482000,72.3,0,6829,4.82,10000000
20181227,9:34:30,002230,科大讯飞,减仓,24.6,20000,38406,24.6,20000,492000,73.8,492,498263,-4.92,10000000
20181227,9:34:30,002230,科大讯飞,减仓,24.55,20000,39057,24.55,20000,491000,73.65,491,988698,-4.91,10000000
20181227,9:34:30,002230,科大讯飞,减仓,24.5,20000,39741,24.5,20000,490000,73.5,490,1478135,-4.9,10000000
20181227,9:36:20,002230,科大讯飞,加仓,24.5,20000,51472,24.5,20000,490000,73.5,0,988135,4.9,10000000
20181227,9:36:53,002230,科大讯飞,加仓,24.45,20000,52184,24.45,20000,489000,73.35,0,499135,4.89,10000000
20181227,9:37:56,002230,科大讯飞,减仓,24.55,20000,58296,24.55,20000,491000,73.65,491,989570,-4.91,10000000
20181227,9:38:01,002230,科大讯飞,减仓,24.6,20000,56173,24.6,20000,492000,73.8,492,1481004,-4.92,10000000
20181227,9:38:16,002230,科大讯飞,减仓,24.65,20000,54338,24.65,20000,493000,73.95,493,1973437,-4.93,10000000
20181227,9:38:29,002230,科大讯飞,减仓,24.7,20000,54781,24.7,20000,494000,74.1,494,2466869,-4.94,10000000
20181227,9:38:42,002230,科大讯飞,减仓,24.75,20000,55287,24.75,20000,495000,74.25,495,2961300,-4.95,10000000
20181227,9:40:40,002230,科大讯飞,减仓,24.85,10000,70566,24.85,10000,248500,37.28,248.5,3209514,-2.49,10000000
20181227,9:41:12,002230,科大讯飞,减仓,24.8,10000,72309,24.8,10000,248000,37.2,248,3457229,-2.48,10000000
20181227,9:43:59,002230,科大讯飞,减仓,25,10000,80286,25,10000,250000,37.5,250,3706941,-2.5,10000000
20181227,9:45:30,002230,科大讯飞,减仓,24.9,10000,84596,24.9,10000,249000,37.35,249,3955655,-2.49,10000000
20181227,9:45:36,002230,科大讯飞,减仓,24.95,10000,84211,24.95,10000,249500,37.43,249.5,4204868,-2.5,10000000
20181227,9:52:59,002230,科大讯飞,加仓,24.8,10100,80999,24.8,10100,250480,37.57,0,3954388,2.5,10000000
20181227,9:55:25,002230,科大讯飞,减仓,24.85,10000,109908,24.85,10000,248500,37.28,248.5,4202602,-2.49,10000000
20181227,9:55:31,002230,科大讯飞,减仓,24.9,10000,110216,24.9,10000,249000,37.35,249,4451316,-2.49,10000000
20181227,10:17:30,002230,科大讯飞,加仓,24.8,10000,112305,24.8,10000,248000,37.2,0,4203316,2.48,10000000
20181227,10:20:53,002230,科大讯飞,加仓,24.75,10000,86719,24.75,10000,247500,37.13,0,3955816,2.48,10000000
20181227,10:20:53,002230,科大讯飞,加仓,24.75,10100,112689,24.75,10100,249975,37.5,0,3705841,2.5,10000000
20181227,10:21:22,002230,科大讯飞,加仓,24.7,10100,87104,24.7,10100,249470,37.42,0,3456371,2.49,10000000
20181227,10:23:21,002230,科大讯飞,加仓,24.65,20000,66194,24.65,11800,290870,43.63,0,3165501,2.91,10000000
20181227,10:27:53,002230,科大讯飞,减仓,24.75,20000,169630,24.75,20000,495000,74.25,495,3659932,-4.95,10000000
20181227,10:29:43,002230,科大讯飞,减仓,24.8,10000,165232,24.8,10000,248000,37.2,248,3907647,-2.48,10000000
20181227,10:42:05,002230,科大讯飞,加仓,24.7,10000,178450,24.7,10000,247000,37.05,0,3660647,2.47,10000000
20181227,10:43:33,002230,科大讯飞,加仓,24.65,10000,175419,24.65,10000,246500,36.98,0,3414147,2.47,10000000
20181227,11:08:41,002230,科大讯飞,减仓,24.75,10000,200463,24.75,10000,247500,37.13,247.5,3661362,-2.48,10000000
20181227,11:25:42,002230,科大讯飞,加仓,24.6,10000,210741,24.6,10000,246000,36.9,0,3415362,2.46,10000000
20181227,13:06:34,002230,科大讯飞,减仓,24.7,9950,247052,24.7,9950,245765,36.86,245.77,3660844,-2.46,10000000
20181227,13:20:02,002230,科大讯飞,减仓,24.77,10000,277625,24.78,10000,247798,37.17,247.8,3908357,-2.48,10000000
20181227,13:20:12,002230,科大讯飞,减仓,24.8,10000,198911,24.8,10000,248000,37.2,248,4156072,-2.48,10000000
20181227,13:28:13,002230,科大讯飞,加仓,24.7,10000,278456,24.7,10000,247000,37.05,0,3909072,2.47,10000000
20181227,13:29:40,002230,科大讯飞,加仓,24.65,10000,279007,24.65,10000,246500,36.98,0,3662572,2.47,10000000
20181227,13:37:08,002230,科大讯飞,减仓,24.75,10000,288526,24.75,10000,247500,37.13,247.5,3909787,-2.48,10000000
20181227,13:37:14,002230,科大讯飞,减仓,24.8,10000,287167,24.8,10000,248000,37.2,248,4157502,-2.48,10000000
20181227,13:37:22,002230,科大讯飞,减仓,24.85,10000,163760,24.85,10000,248500,37.28,248.5,4405716,-2.49,10000000
20181227,13:37:34,002230,科大讯飞,减仓,24.9,10000,157799,24.9,10000,249000,37.35,249,4654430,-2.49,10000000
20181227,13:43:07,002230,科大讯飞,减仓,24.95,10000,304314,24.95,10000,249500,37.43,249.5,4903643,-2.5,10000000
20181227,13:46:17,002230,科大讯飞,加仓,24.85,10000,305068,24.85,10000,248500,37.28,0,4655143,2.49,10000000
20181227,13:52:44,002230,科大讯飞,加仓,24.8,10000,298131,24.8,10000,248000,37.2,0,4407143,2.48,10000000
20181227,13:55:24,002230,科大讯飞,加仓,24.75,10000,297656,24.75,10000,247500,37.13,0,4159643,2.48,10000000
20181227,13:55:57,002230,科大讯飞,加仓,24.7,10000,297815,24.7,10000,247000,37.05,0,3912643,2.47,10000000
20181227,14:18:30,002230,科大讯飞,减仓,24.8,10000,318332,24.8,10000,248000,37.2,248,4160358,-2.48,10000000
20181227,14:33:49,002230,科大讯飞,加仓,24.65,10000,297980,24.65,10000,246500,36.98,0,3913858,2.47,10000000
20181227,14:33:52,002230,科大讯飞,加仓,24.65,10000,348896,24.65,10000,246500,36.98,0,3667358,2.47,10000000
20181227,14:45:42,002230,科大讯飞,加仓,24.6,10000,266206,24.6,10000,246000,36.9,0,3421358,2.46,10000000
20181227,14:55:25,002230,科大讯飞,加仓,24.5,20000,62844,24.5,20000,490000,73.5,0,2931358,4.9,10000000
20181227,14:56:41,002230,科大讯飞,加仓,24.4,20200,52780,24.4,20200,492880,73.93,0,2438478,4.93,10000000
20181228,9:30:50,002230,科大讯飞,减仓,24.85,20000,16863,24.85,20000,497000,74.55,497,2934906,-4.97,10000000
20181228,9:33:46,002230,科大讯飞,加仓,24.65,20000,18861,24.65,20000,493000,73.95,0,2441906,4.93,10000000
20181228,9:34:18,002230,科大讯飞,减仓,24.7,20000,25098,24.7,20000,494000,74.1,494,2935338,-4.94,10000000
20181228,9:34:24,002230,科大讯飞,减仓,24.75,20000,25348,24.75,20000,495000,74.25,495,3429769,-4.95,10000000
20181228,9:34:42,002230,科大讯飞,减仓,24.8,20000,25610,24.8,20000,496000,74.4,496,3925199,-4.96,10000000
20181228,9:41:57,002230,科大讯飞,加仓,24.6,20000,26839,24.6,20000,492000,73.8,0,3433199,4.92,10000000
20181228,9:44:29,002230,科大讯飞,加仓,24.55,20000,33458,24.55,20000,491000,73.65,0,2942199,4.91,10000000
20181228,9:47:41,002230,科大讯飞,加仓,24.5,20000,26106,24.5,20000,490000,73.5,0,2452199,4.9,10000000
20181228,9:52:41,002230,科大讯飞,减仓,24.6,20000,53941,24.6,20000,492000,73.8,492,2943633,-4.92,10000000
20181228,9:55:48,002230,科大讯飞,减仓,24.65,13000,46291,24.65,13000,320450,48.07,320.45,3263714,-3.2,10000000
20181228,9:55:49,002230,科大讯飞,减仓,24.65,7000,48295,24.65,7000,172550,25.88,172.55,3436066,-1.73,10000000
20181228,9:56:34,002230,科大讯飞,减仓,24.7,20000,43936,24.7,20000,494000,74.1,494,3929498,-4.94,10000000
20181228,10:01:08,002230,科大讯飞,减仓,24.75,20000,74529,24.75,20000,495000,74.25,495,4423929,-4.95,10000000
20181228,10:04:01,002230,科大讯飞,减仓,24.8,20000,72123,24.8,20000,496000,74.4,496,4919358,-4.96,10000000
20181228,10:18:05,002230,科大讯飞,减仓,24.85,20000,87630,24.85,20000,497000,74.55,497,5415787,-4.97,10000000
20181228,10:24:09,002230,科大讯飞,减仓,24.9,20000,17536,24.9,20000,498000,74.7,498,5913214,-4.98,10000000
20181228,10:24:37,002230,科大讯飞,减仓,24.95,20000,22228,24.95,20000,499000,74.85,499,6411640,-4.99,10000000
20181228,10:30:56,002230,科大讯飞,减仓,25,20000,17875,25,20000,500000,75,500,6911065,-5,10000000
20181228,10:33:39,002230,科大讯飞,加仓,24.9,20000,108538,24.9,20000,498000,74.7,0,6413065,4.98,10000000
20181228,10:34:42,002230,科大讯飞,加仓,24.85,20000,101653,24.85,20000,497000,74.55,0,5916065,4.97,10000000
20181228,10:38:52,002230,科大讯飞,加仓,24.8,20000,101151,24.8,20000,496000,74.4,0,5420065,4.96,10000000
20181228,10:42:52,002230,科大讯飞,加仓,24.75,20000,95567,24.75,20000,495000,74.25,0,4925065,4.95,10000000
20181228,11:04:48,002230,科大讯飞,加仓,24.7,20000,80628,24.7,20000,494000,74.1,0,4431065,4.94,10000000
20181228,11:28:51,002230,科大讯飞,加仓,24.65,20000,79856,24.65,20000,493000,73.95,0,3938065,4.93,10000000
20181228,14:06:58,002230,科大讯飞,加仓,24.6,20000,70010,24.6,20000,492000,73.8,0,3446065,4.92,10000000
20181228,14:24:35,002230,科大讯飞,加仓,24.55,20000,68438,24.55,20000,491000,73.65,0,2955065,4.91,10000000
